"latin_binomial"	"common_name"
Abies alba	European silver fir
Abies alba	Silver fir
Acanthus mollis	Bear's breeches
Acer floridanum	Sugarmaple
Acer rubrum	Red maple
Acer rubrum	Rotahorn
Achillea millefolium	Common yarrow
Achillea millefolium	Milfoil
Achillea millefolium	Yarrow
Acorus calamus	Calamus
Acorus calamus	Flagroot
Acorus calamus	Myrtle-flag
Acorus calamus	Sweet calamus
Acorus calamus	Sweet-flag
Acorus calamus	Sweetroot
Actaea racemosa	Black bugbane
Actaea racemosa	Black cohosh
Actaea racemosa	Black snakeroot
Adiantum capillus	Common maidenhair
Adiantum capillus	Maidenhair fern
Aesculus hippocastanum	Common horse chestnut
Aesculus hippocastanum	Horse-chestnut
Aframomum melegueta	Guinea-pepper
Agathosma betulina	Buchu
Agathosma betulina	Honey buchu
Agathosma betulina	Mountain buchu
Agrimonia eupatoria	Agrimony
Agrimonia eupatoria	Da hua long ya cao
Albizia julibrissin	Happiness Tree
Albizia julibrissin	He huan
Albizia julibrissin	Mimosa
Albizia julibrissin	Silktree
Albizia julibrissin	Silktree albizia
Alchemilla xanthochlora	Lady's-mantle
Allium cepa	Onion
Allium cepa	Shallot
Aloe vera	Aloe
Aloe vera	Aloe vera
Aloe vera	Barbados aloe
Aloe vera	Curaçao aloe
Aloe vera	True aloe
Aloe vera	West Indian aloe
Alpinia officinarum	Chinese-ginger
Alpinia officinarum	Lesser galanga
Alpinia officinarum	Lesser galangal
Amaranthus spinosus	Prickly Amaranth
Amaranthus spinosus	Spiny Amaranth
Amomum villosum	Sharen
Amomum villosum	Sha ren
Amomum villosum	Villous amomum
Anethum graveolens	Dill
Anethum graveolens	Garden dill
Anethum graveolens	Shi luo
Angelica sinensis	Chinese Angelica
Angelica sinensis	Dang quai
Angelica sinensis	Dang qui
Angelica sinensis	Dong gui
Angelica sinensis	Dong quai
Angelica sinensis	Tang-kuei
Apium graveolens	Celery
Aralia racemosa	American spikenard
Aralia spinosa	Cong mu
Aralia spinosa	Japanese angelica-tree
Aralia spinosa	Japanese aralia
Arctium lappa	Burdock
Arctium lappa	Burr seed
Arctium lappa	Cocklebur
Arctium lappa	Edible burdock
Arctium lappa	Gobo
Arctium lappa	Goboshi
Arctium lappa	Great burdock
Arctium lappa	Great burdocks
Arctium lappa	Greater burdock
Arctium lappa	Hardock
Arctium lappa	Harebur
Arctium lappa	Lappa
Arctium lappa	Niu bang zi
Arctostaphylos uva	Bearberry
Arctostaphylos uva	Kinnikinnick
Arctostaphylos uva	Uva ursi
Ardisia crenata	Coralberry
Ardisia crenata	Coralberry tree
Ardisia crenata	Coral bush
Ardisia crenata	Hen's-eyes
Ardisia crenata	Koraalbessieboom
Ardisia crenata	Spiceberry
Ardisia crenata	Zhu sha gen
Areca catechu	Areca palm
Areca catechu	Bing lang
Aristotelia chilensis	Maqui
Artemisia absinthium	Absinthe
Artemisia absinthium	Absinthe wormwood
Artemisia absinthium	Absinthium
Artemisia absinthium	Wormwood
Artemisia annua	Huang hua hao
Artemisia annua	Sweet Annie
Artemisia annua	Sweet wormwood
Artocarpus altilis	Breadfruit
Asparagus racemosus	Shatamuli
Asparagus racemosus	Shatavari
Atractylodes lancea	Maocangzhu
Atractylodes macrocephala	Bai zhu
Atractylodes macrocephala	Bai zhu atractylodes
Atractylodes macrocephala	Largehead Atractylodes
Atractylodes macrocephala	White Atractylodes
Azadirachta indica	Indian-lilac
Azadirachta indica	Margosa
Azadirachta indica	Neem
Azadirachta indica	Nimtree
Bacopa monnieri	Bacopa
Bacopa monnieri	Moneywort
Bacopa monnieri	Water hyssop
Ballota nigra	Ballota
Ballota nigra	Black hempnettle
Ballota nigra	Black horehound
Ballota nigra	Black Stinking Horehound
Ballota nigra	Marrubium Nigrum
Berberis aquifolium	Blue barberry
Berberis aquifolium	Holly barberry
Berberis aquifolium	Holly mahonia
Berberis aquifolium	Mahonia
Berberis aquifolium	Mountain grape
Berberis aquifolium	Mountain-grape
Berberis aquifolium	Oregon grape
Berberis aquifolium	Oregon-grape
Berberis aristata	Indian barberry
Berberis aristata	Tree-turmeric
Berberis lycium	Berberislycium
Berberis vulgaris	Common barberry
Berberis vulgaris	European barberry
Berberis vulgaris	Jaundice-berry
Berberis vulgaris	piprage
Beta vulgaris	Beet
Beta vulgaris	Field beet
Beta vulgaris	Fodder beet
Beta vulgaris	Foliage beet
Beta vulgaris	Garden beet
Beta vulgaris	Mangel
Beta vulgaris	Mangel-wurzel
Beta vulgaris	Mangold
Beta vulgaris	Red beet
Beta vulgaris	Sicilian broad-rib beet
Beta vulgaris	Spinach beet
Beta vulgaris	Spinach chard
Beta vulgaris	Sugar beet
Beta vulgaris	Swiss chard
Beta vulgaris	Tian cai
Beta vulgaris	Yellow beet
Bidens pilosa	Hairy beggar-ticks
Bidens pilosa	Spanish-needles
Bixa orellana	Annatto
Bixa orellana	Arnatto
Bixa orellana	Lipsticktree
Bixa orellana	Rocou
Borago officinalis	Beebread
Borago officinalis	Beeplant
Borago officinalis	Borage
Borago officinalis	Star-flower
Borago officinalis	Talewort
Brassica juncea	Indian mustard
Brassica juncea	Oriental mustard
Brassica oleracea	Colza
Brassica oleracea	Rape
Brassica oleracea	Rape seed
Brassica oleracea	Seed- rape
Brassica rapa	Rapini
Brassica rapa	Seven-top turnip
Brassica rapa	Turnip
Brassica rapa	Tyfon
Bupleurum chinense	Bei chai hu
Bupleurum chinense	Bupleurum
Bupleurum chinense	Chai hu
Bupleurum chinense	Chinese thoroughwax
Bupleurum chinense	Hare's-ear
Calluna vulgaris	Common heather
Calluna vulgaris	Heather
Calluna vulgaris	Ling
Calluna vulgaris	Red-heath
Calluna vulgaris	Scotch heather
Calluna vulgaris	Scots heather
Camellia sinensis	Black tea
Camellia sinensis	Green tea
Camellia sinensis	Oolong tea
Camellia sinensis	Tea
Camellia sinensis	White Tea
Cannabis sativa	Da ma
Cannabis sativa	Hemp
Capparis spinosa	Caper
Capparis spinosa	Caperbush
Capsella bursa	Shepherd's-purse
Castanea dentata	Americanchestnut
Castanea sativa	European chestnut
Castanea sativa	Sweet chestnut
Caulophyllum thalictroides	Blue cohosh
Caulophyllum thalictroides	Caulophyllum
Caulophyllum thalictroides	Papooseroott
Caulophyllum thalictroides	Squawroot
Centaurium erythraea	Centaury
Centaurium erythraea	Common centaury
Centaurium erythraea	European centaury
Centaurium erythraea	Small centaury
Ceratonia siliqua	Bread- St John's
Ceratonia siliqua	Carob
Ceratonia siliqua	Ceratonia
Ceratonia siliqua	Locust-bean
Ceratonia siliqua	St. John's-bread
Ceratonia siliqua	St John's bread
Chelidonium majus	Celandine
Chelidonium majus	Great celandine
Chelidonium majus	Greater celandine
Chelidonium majus	Nipplewort
Chelidonium majus	Swallowwort
Chimaphila umbellata	Bitter wintergreen
Chimaphila umbellata	Ground ivy
Chimaphila umbellata	Pipsissewa
Chimaphila umbellata	Pipsissiwa
Chimaphila umbellata	Prince's-pine
Chionanthus virginicus	Fringetree
Chionanthus virginicus	Old-man's-beard
Chionanthus virginicus	Poison-ash
Cichorium intybus	Belgium endive
Cichorium intybus	Chicory
Cichorium intybus	Radicchio
Cinnamomum burmanni	Bataviacinnamon
Cinnamomum camphora	Camphor
Cinnamomum camphora	Camphor laurel
Cinnamomum camphora	Camphortree
Cinnamomum camphora	Camphor tree
Cinnamomum camphora	Japanese camphor
Cinnamomum camphora	Kuso-no-ki
Cinnamomum cassia	Cassia
Cinnamomum cassia	Cassia cinnamon
Cinnamomum cassia	Chinese cinnamon
Cinnamomum cassia	Chinese cinnamon tree
Cinnamomum cassia	Rou gui
Cinnamomum verum	Ceylon cinnamon
Cinnamomum verum	Cinnamon
Cinnamomum verum	True cinnamon
Cinnamomum verum	Tvak
Cistus creticus	Hairyrockrose
Citrullus lanatus	Watermelon
Citrus aurantium	Bitter orange
Citrus aurantium	Seville orange
Citrus aurantium	Suan cheng
Citrus reticulata	Ju
Citrus reticulata	Mandarin orange
Citrus reticulata	Tangerine
Citrus sinensis	Blood orange
Citrus sinensis	Navel orange
Citrus sinensis	Red orange
Citrus sinensis	Sweet orange
Citrus sinensis	Tian cheng
Citrus sinensis	Valencia orange
Codonopsis pilosula	Bellflower
Codonopsis pilosula	Dang shen
Cola nitida	Bitter cola
Cola nitida	Gbanja kola
Cola nitida	Kola
Commiphora mukul	Guggul
Commiphora mukul	Gugul
Commiphora mukul	Indian bdellium-tree
Conyza canadensis	Butterweed
Conyza canadensis	Canadian horseweed
Coptis chinensis	Chinese goldthread
Coptis chinensis	Golden thread
Coptis chinensis	Huanglian
Coptis chinensis	Huang lian
Cordyceps militaris	Cordycepsmilitaris
Coriandrum sativum	Chinese parsley
Coriandrum sativum	Chinese-parsley
Coriandrum sativum	Cilantro
Coriandrum sativum	Coriander
Coriandrum sativum	Parsley- Chinese
Cornus officinalis	Asiatic cornelian cherry
Cornus officinalis	Asiatic dogwood
Cornus officinalis	Shan zhu yu
Corylus avellana	Cobnut
Corylus avellana	European filbert
Corylus avellana	European hazel
Corylus avellana	Giant filbert
Corylus avellana	Hazel
Corylus avellana	Hazelnut tree
Crataegus laevigata	English hawthorn
Crataegus laevigata	Hawthorn
Crataegus laevigata	Maytree
Crataegus laevigata	Two-style hawthorn
Crataegus laevigata	Whitethorn
Crataegus laevigata	Woodland hawthorn
Crataegus monogyna	Hawthorn
Crataegus monogyna	Oneseed hawthorn
Crataegus monogyna	One-style hawthorn
Crithmum maritimum	Rock samphire
Crithmum maritimum	Sea-fennel
Cuminum cyminum	Cumin
Curcuma longa	Common turmeric
Curcuma longa	Curcuma
Curcuma longa	Indian-saffron
Curcuma longa	Jianghuang
Curcuma longa	Turmeric
Curcuma longa	Yellow ginger
Curcuma zedoaria	Karcura
Cyperus rotundus	Coco-grass
Cyperus rotundus	Nutgrass
Cyperus rotundus	Nut-grass
Cyperus rotundus	Nutgrass alingale
Cyperus rotundus	Nut sedge
Cyperus rotundus	Purple nut sedge
Cyperus rotundus	Red nut sedge
Cyperus rotundus	Suo cao
Cyperus rotundus	Xiangfu
Cyperus rotundus	Xiang fu zi
Daucus carota	Carrot
Dioscorea villosa	Chinaroot
Dioscorea villosa	Wild yam
Diospyros virginiana	Americanpersimmon
Echinacea angustifolia	Black sampson
Echinacea angustifolia	Black-sampson echinacea
Echinacea angustifolia	Echinacea
Echinacea angustifolia	Kansas snakeroot
Echinacea angustifolia	Narrow-leaf coneflower
Echinacea angustifolia	Narrow-leaf echinacea
Echinacea angustifolia	Narrow-leaf purple-coneflower
Echinacea purpurea	Eastern purple-coneflower
Echinacea purpurea	Echinacea
Echinacea purpurea	Purple-coneflower
Eleutherococcus senticosus	Ci wu jia
Eleutherococcus senticosus	Eleuthero
Eleutherococcus senticosus	Siberian ginseng
Elymus repens	Couchgrass
Emilia sonchifolia	Cupid's shaving-brush
Emilia sonchifolia	Emilia
Emilia sonchifolia	Sow thistle
Epimedium grandif	Barrenwort
Epimedium grandif	Japanese epimedium
Epimedium grandif	Yin yang huo
Epimedium grandiflorum	Barrenwort
Epimedium grandiflorum	Japanese epimedium
Epimedium grandiflorum	Yin yang huo
Equisetum hyemale	Common scouring-rush
Equisetum hyemale	Mu zei
Eriobotrya japonica	Bibasse
Eriobotrya japonica	Japanese-medlar
Eriobotrya japonica	Loquat
Eriobotrya japonica	Lukwart
Eriobotrya japonica	Nispero
Eriobotrya japonica	Pi ba
Eriodictyon californicum	Mountain balm
Eriodictyon californicum	Yerba-santa
Eruca vesicaria	Arugula
Eruca vesicaria	Garden rock
Eschscholzia californica	California-poppy
Eupatorium purpureum	Gravelroot
Eupatorium purpureum	Green-stem joe-pye-weed
Eupatorium purpureum	Joe-pye
Eupatorium purpureum	Joe-pye-weed
Eupatorium purpureum	Marsh-milkweed
Eupatorium purpureum	Queen-of-the-meadow
Eupatorium purpureum	Sweet joe-pye-weed
Euterpe oleracea	Acai
Euterpe oleracea	Açai
Euterpe oleracea	Assai palm
Euterpe oleracea	Cabbage palm
Ferula elaeochytris	Ferulaelaeochytris
Ficus carica	Fig
Ficus carica	Fig tree
Ficus carica	Wu hua guo
Filipendula ulmaria	Dropwort
Filipendula ulmaria	Meadowsweet
Filipendula ulmaria	Queen-of-the-meadow
Filipendula ulmaria	Xuan guo wen zi cao
Foeniculum vulgare	Fennel
Foeniculum vulgare	Fenouil
Fomes fomentarius	Fomesfomentarius
Frangula alnus	Alder buckthorn
Frangula alnus	Frangula
Frangula alnus	Glossy buckthorn
Fucus vesiculosus	Black tang
Fucus vesiculosus	Bladder fucus
Fucus vesiculosus	Kelpware
Fucus vesiculosus	Seawrack
Fumaria officinalis	Common fumitory
Fumaria officinalis	Fumitory
Fumaria officinalis	Wax-dolls
Galega officinalis	French lilac
Galega officinalis	Galega
Galega officinalis	Goat's-rue
Galium aparine	Catchweed bedstraw
Galium aparine	Cleavers
Galium aparine	Goose-grass
Galium verum	Lady's bedstraw
Galium verum	Yellow bedstraw
Ganoderma lucidum	Ganoderma
Ganoderma lucidum	Ling zhi
Ganoderma lucidum	Reishi
Garcinia gummi	Malabartamarind
Gentiana lutea	Bitterwort
Gentiana lutea	Gentian
Gentiana lutea	Gentian-root
Gentiana lutea	Yellow gentian
Geranium maculatum	Cranesbill
Geranium maculatum	Spotted geranium
Geranium maculatum	Wild geranium
Ginkgo biloba	Baiguo
Ginkgo biloba	Ginkgo
Ginkgo biloba	Ginkgo biloba
Ginkgo biloba	Icho
Ginkgo biloba	Maidenhair-tree
Glycine max	Black soya bean
Glycine max	Da dou
Glycine max	Soy
Glycine max	Soya
Glycine max	Soyabean
Glycine max	Soybean
Glycyrrhiza glabra	Guang guo gan cao
Glycyrrhiza glabra	Licorice
Glycyrrhiza glabra	Liquorice
Glycyrrhiza inflata	Zhangguogancao
Glycyrrhiza uralensis	Chinese licorice
Glycyrrhiza uralensis	Gan cao
Gymnema sylvestre	Gymnema
Gymnema sylvestre	Miracle-fruit
Hamamelis virginiana	Hamamelis
Hamamelis virginiana	Spotted alder
Hamamelis virginiana	Winter bloom
Hamamelis virginiana	Witchazel
Hamamelis virginiana	Witch-hazel
Handroanthus heptaphyllus	Ipe roxo
Handroanthus heptaphyllus	Lapacho
Handroanthus heptaphyllus	Lapacho negro
Handroanthus heptaphyllus	Pau d'Arco
Harpagophytum procumbens	Devil's-claw
Harpagophytum procumbens	Grapple plant
Harpagophytum procumbens	Wood spider
Hedera helix	Engelse hedera
Hedera helix	English ivy
Helichrysum arenarium	Everlasting
Helichrysum arenarium	Immortelle
Helichrysum arenarium	Sandy everlasting
Helichrysum arenarium	Yellow chasteweed
Hordeum vulgare	Da mai
Hydrastis canadensis	Goldenseal
Hydrastis canadensis	Orangeroot
Hydrastis canadensis	Yellow-puccoon
Hydrastis canadensis	Yellow root
Hypericum perforatum	Hypericum
Hypericum perforatum	St. John's wort
Hypericum perforatum	St. John's-wort
Hyssopus officinalis	Hyssop
Ilex paraguariensis	Brazilian tea
Ilex paraguariensis	Mate
Ilex paraguariensis	Paraguayan tea
Ilex paraguariensis	Paraguay tea
Ilex paraguariensis	St Bartholomew's tea
Ilex paraguariensis	Yerba mate
Inonotus obliquus	Chaga
Inula helenium	Elecampane
Inula helenium	Tu mu xiang
Inula helenium	Velvet-dock
Juglans nigra	Blackwalnut
Juglans regia	Walnut
Juncus effusus	Common rush
Juncus effusus	Deng xin cao
Juncus effusus	Soft rush
Juniperus communis	Common juniper
Juniperus communis	Juniper
Juniperus oxycedrus	Cade juniper
Juniperus oxycedrus	Prickly juniper
Juniperus oxycedrus	Red-berry juniper
Juniperus virginiana	Eastern red-cedar
Juniperus virginiana	Pencil-cedar
Juniperus virginiana	Potloodseder
Juniperus virginiana	Red-cedar
Juniperus virginiana	Red juniper
Juniperus virginiana	Rooisede
Leonurus cardiaca	Common motherwort
Leonurus cardiaca	Motherwort
Lepidium	Du xing cai
Lepidium	Pepperweed
Lepidium meyenii	Maca
Lepidium meyenii	Peruvian-ginseng
Levisticum officinale	Lovage
Lilium candidum	Madonna lily
Lilium candidum	White lily
Liquidambar styraciflua	Alligatorwood
Liquidambar styraciflua	American-storax
Liquidambar styraciflua	Red-gum
Liquidambar styraciflua	Satin-walnut
Liquidambar styraciflua	Sweet-gum
Lobaria pulmonaria	Lung lichen
Lobaria pulmonaria	Lungmoss
Lonicera japonica	Japanese honeysuckle
Lonicera japonica	Jin yin hua
Lonicera japonica	Ren dong
Lonicera japonica	Rendongteng
Lycium barbarum	Barbary matrimony-vine
Lycium barbarum	Barbary wolfberry
Lycium barbarum	Chinese wolfberry
Lycium barbarum	Matrimony-vine
Lycium barbarum	Ning xia gou qi
Lycopus americanus	Americanbugleweed
Magnolia grandiflora	Bull bay
Magnolia grandiflora	Laurier tulipier
Magnolia grandiflora	Southern magnolia
Magnolia officinalis	Hou po
Magnolia officinalis	Magnolia-bark
Magnolia virginiana	Sweetbay
Malva sylvestris	Blue mallow
Malva sylvestris	Cheeses
Malva sylvestris	Common mallow
Malva sylvestris	High mallow
Malva sylvestris	Tall mallow
Marrubium vulgare	Horehound
Marrubium vulgare	White horehound
Matricaria chamomilla	Blue chamomile
Matricaria chamomilla	Chamomile
Matricaria chamomilla	Common chamomile
Matricaria chamomilla	German chamomile
Matricaria chamomilla	Hungarian chamomile
Hedera helix	Ivy leaf
Hordeum vulgare	Barley grass
Lycium barbarum	Goji berry
Matricaria chamomilla	Matricaria
Matricaria chamomilla	Scented chamomile
Matricaria chamomilla	Scented mayweed
Matricaria chamomilla	Sweet false chamomile
Matricaria chamomilla	True chamomile
Matricaria chamomilla	Wild chamomile
Medicago polymorpha	Bur medic
Medicago polymorpha	California bur-clover
Medicago polymorpha	Hairy medic
Medicago polymorpha	Toothed bur-clover
Medicago polymorpha	Toothed medic
Melia azedarach	Chinaberry
Melia azedarach	Lian
Melia azedarach	Persian lilac
Melia azedarach	Sichuan pagoda-tree
Melia azedarach	Szechwan chinaberry
Melissa officinalis	Balm
Melissa officinalis	Bee balm
Melissa officinalis	Lemon balm
Melissa officinalis	Melissa
Mentha pulegium	European pennyroyal
Mentha pulegium	Lurk-in-the-Ditch
Mentha pulegium	Mosquito plant
Mentha pulegium	Pennyroyal
Mentha pulegium	Pudding Grass
Mentha pulegium	Pulegium
Mentha pulegium	Run-by-the-Ground
Mentha pulegium	Squaw Balm
Mentha pulegium	Squawmint Tickweed
Mentha spicata	Curled mint
Mentha spicata	Spearmint
Mimosa pudica	Han xiu cao
Mimosa pudica	Sensitive-plant
Mimosa pudica	Touch-me-not
Mitchella repens	Partridge-berry
Mitchella repens	Squawvine
Mitragyna speciosa	Kratom
Mitragyna speciosa	Kratum
Momordica charantia	Balsam-apple
Momordica charantia	Balsam-pear
Momordica charantia	Bitter-cucumber
Momordica charantia	Bitter gourd
Momordica charantia	Bitter melon
Momordica charantia	Carilla gourd
Morella cerifera	Bayberry
Morella cerifera	Candleberry
Morella cerifera	Southern bayberry
Morella cerifera	Southern wax-myrtle
Morella cerifera	Waxberry
Morella cerifera	Wax-myrtle
Morinda citrifolia	Indian-mulberry
Morinda citrifolia	Noni
Morinda citrifolia	Rotten cheesefruit
Moringa oleifera	Ben-oil-tree
Moringa oleifera	Benzolive-tree
Moringa oleifera	Drumsticktree
Moringa oleifera	Horseradish-tree
Moringa oleifera	Malunggay
Moringa oleifera	Moringa
Moringa oleifera	West Indian ben
Myrtus communis	Myrtle
Nepeta cataria	Catmint
Nepeta cataria	Catnep
Nepeta cataria	Catnip
Nepeta cataria	Catswort
Nepeta cataria	Field balm
Nerium oleander	Oleander
Nerium oleander	Rose laurel
Neurolaena lobata	Gavilana
Neurolaena lobata	Jackass bitters
Notopterygium incisum	Notopterygium
Notopterygium incisum	Qiang huo
Nymphaea odorata	Sweetwaterlily
Ocimum tenuiflorum	Holy basil
Ocimum tenuiflorum	Rama tulsi
Ocimum tenuiflorum	Sacred basil
Ocimum tenuiflorum	Tulsi
Olea europaea	Olive
Olea europaea	Olive-leaf
Olea europaea	Olive tree
Ononis spinosa	Ononis
Ononis spinosa	Restharrow
Ononis spinosa	Spiny restharrow
Ononis spinosa	Spring restharrow
Oplopanax horridus	Devil's-club
Origanum compactum	Moroccanoregano
Origanum majorana	Marjoram
Origanum majorana	Sweet marjoram
Origanum syriacum	Biblical hyssop
Origanum syriacum	Lebanese oregano
Origanum syriacum	Syrian oregano
Origanum vulgare	Common Oregano
Origanum vulgare	Oregano
Panax ginseng	Asian ginseng
Panax ginseng	Chinese ginseng
Panax ginseng	Hong shen
Panax ginseng	Korean ginseng
Panax ginseng	Korean red ginseng
Panax ginseng	Oriental ginseng
Panax ginseng	Panax ginseng
Panax ginseng	Red ginseng
Panax ginseng	Ren shen
Papaver rhoeas	Corn poppy
Papaver rhoeas	Field poppy
Papaver rhoeas	Flanders poppy
Papaver rhoeas	Shirley poppy
Parietaria judaica	Pellitory-of-the-wall
Parietaria judaica	Spreading pellitory
Passiflora edulis	Purplegranadilla
Paullinia cupana	Guarana
Pausinystalia johimbe	Yohimbe
Petroselinum crispum	Parsley
Peumus boldus	Boldo
Peumus boldus	Boldo tree
Peumus boldus	Boldu
Phyllanthus amarus	Phyllanthusamarus
Phytolacca americana	Chui xu shang lu
Phytolacca americana	Pigeonberry
Phytolacca americana	Poke
Phytolacca americana	Pokeberry
Phytolacca americana	Pokeroot
Phytolacca americana	Pokeweed
Phytolacca americana	Virginia poke
Pinus mugo	Dwarf pine
Pinus mugo	Mountain pine
Pinus mugo	Mountain pine- Swiss
Pinus mugo	Mugo pine
Pinus mugo	Pine- pumilio
Pinus mugo	Pine- Swiss mountain
Pinus mugo	Pumilio pine
Pinus mugo	Scrub mountain pine
Pinus mugo	Swiss mountain pine
Pinus nigra	Baltic redwood
Pinus nigra	Scotch pine
Pinus nigra	Scots pine
Pinus palustris	Longleaf pine
Pinus palustris	Pitch pine
Pinus sylvestris	Baltic redwood
Pinus sylvestris	Scotch pine
Pinus sylvestris	Scots pine
Piper methysticum	Kava
Piper methysticum	Kava-kava
Piper methysticum	Kava pepper
Piper methysticum	Kawa pepper
Piper methysticum	Yanggona
Piper nigrum	Black pepper
Piper nigrum	Pepper- black
Piper nigrum	Pepper- white
Piper nigrum	White pepper
Piptoporus betulinus	Piptoporusbetulinus
Pistacia lentiscus	Chios mastictree
Pistacia lentiscus	Lentiscus
Plantago major	Broadleaf plantain
Plantago major	Common plantain
Plantago major	Greater plantain
Plantago major	Plantain
Platanus occidentalis	AmericanSycamore
Pogostemon cablin	Cablin patchouli
Pogostemon cablin	Guang huo xiang
Pogostemon cablin	Patchouli-plant
Pogostemon cablin	Patchouly
Posidonia oceanica	Mediterraneantapeweed
Prunella vulgaris	Common selfheal
Prunella vulgaris	Heal-all
Prunella vulgaris	Prunella
Prunella vulgaris	Self-heal
Prunella vulgaris	Woundwort
Prunella vulgaris	Xiakucao
Prunus armeniaca	Apricot
Prunus armeniaca	Siberian apricot
Prunus armeniaca	Xing
Prunus persica	Momo
Prunus persica	Peach
Prunus persica	Tao
Prunus serotina	Black cherry
Prunus serotina	Rum cherry
Prunus serotina	Wild cherry
Prunus spinosa	Blackthorn
Prunus spinosa	Endrino
Pseudognaphalium obtusifolium	Blunt-leaved everlasting
Pseudognaphalium obtusifolium	Fragrant everlasting
Pseudotsuga menziesii	Douglas-fir
Ptelea trifoliata	Hoptree
Ptelea trifoliata	Shrub-trefoil
Quassia amara	Quassia
Quassia amara	Quassia wood
Quercus alba	Stave oak
Quercus alba	White oak
Quercus incana	Bluejackoak
Raphanus raphanistrum	Jointed charlock
Raphanus raphanistrum	Wild radish
Reynoutria multiflora	Fleeceflower
Reynoutria multiflora	Fo-ti
Reynoutria multiflora	He shou wu
Rheum	Himalayan rhubarb
Rheum	Himalaya-Rhabarber
Rheum	Indian rhubarb
Rheum	zang bian da huang
Rheum australe	Himalayan rhubarb
Rheum australe	Himalaya-Rhabarber
Rheum australe	Indian rhubarb
Rheum australe	zang bian da huang
Rheum palmatum	Chinese Rhubarb
Rheum palmatum	Ornamental rhubarb
Rheum palmatum	Rhubarb
Rheum palmatum	Zhang ye da huang
Rhodiola rosea	Hong jing tian
Rhodiola rosea	King's-crown
Rhodiola rosea	Rhodiola
Rhodiola rosea	Roseroot
Rhus coriaria	Sicilian sumac
Rhus coriaria	Tanner's sumac
Robinia pseudoacacia	Black locust
Robinia pseudoacacia	Falsa acacia
Rosa canina	Common briar
Rosa canina	Dogbrier
Rosa canina	Dog rose
Rosmarinus officinalis	Rosemary
Rubus ursinus	Boysenberry
Rumex crispus	Curly dock
Rumex crispus	Sour dock
Rumex crispus	Yellow dock
Ruscus aculeatus	Box-holly
Ruscus aculeatus	Butcher's-broom
Ruta chalepensis	Fringedrue
Ruta graveolens	Rue
Salvia officinalis	Common sage
Salvia officinalis	Dalmatian sage
Salvia officinalis	Garden sage
Salvia officinalis	Sage
Salvia pratensis	Meadow clary
Salvia pratensis	Meadow sage
Salvia sclarea	Clary
Salvia sclarea	Clary sage
Sambucus canadensis	American elder
Sambucus canadensis	Canadian elder
Sambucus canadensis	Sweet Elder
Sambucus nigra	American elder
Sambucus nigra	Canadian elder
Sambucus nigra	Sweet Elder
Sanguinaria canadensis	Bloodroot
Sanguinaria canadensis	Bloodwort
Sanguinaria canadensis	Canadian bloodroot
Sanguinaria canadensis	Red puccoon
Sanguinaria canadensis	Redroot
Sanguinaria canadensis	Tetterwort
Saponaria officinalis	Bouncing-bet
Saponaria officinalis	Soapwort
Saposhnikovia divaricata	Fang feng
Saposhnikovia divaricata	Siler
Sargassum pallidum	Sargassumpallidum
Sassafras albidum	Common sassafras
Sassafras albidum	Sassafras
Sassafras albidum	White sassafras
Satureja montana	Savory
Satureja montana	Winter savory
Schisandra chinensis	Chinese Magnoliavine
Schisandra chinensis	Schisandra
Schisandra chinensis	Wu wei zi
Scutellaria lateriflora	Helmet flower
Scutellaria lateriflora	Hoodwort
Scutellaria lateriflora	Mad-dog scullcap
Scutellaria lateriflora	Quarter bonnet
Scutellaria lateriflora	Scullcap
Scutellaria lateriflora	Skullcap
Scutellaria lateriflora	Virginian skullcap
Senna obtusifolia	Java-bean
Senna obtusifolia	Sicklepod
Senna obtusifolia	Sicklepod senna
Senna occidentalis	Antbush
Senna occidentalis	Coffee senna
Senna occidentalis	Negro-coffee
Senna occidentalis	Stinkingweed
Serenoa repens	Sabal
Serenoa repens	Saw palmetto
Serenoa repens	Saw-palmetto
Serenoa repens	Scrub-palmetto
Silybum marianum	Blessed milk thistle
Silybum marianum	Gundagai thistle
Silybum marianum	Holy thistle
Silybum marianum	Lady's thistle
Silybum marianum	Mary's thistle
Silybum marianum	Mary thistle
Silybum marianum	Milk thistle
Silybum marianum	St. Mary's thistle
Silybum marianum	Variegated thistle
Sisymbrium officinale	Hedgemustard
Solanum anguivi	PoisonBerry
Solidago canadensis	CanadianGoldenrod
Solidago odora	Anise-scent goldenrod
Solidago odora	Fragrant goldenrod
Stachys officinalis	Bishop's-wort
Stachys officinalis	Purple betony
Stachys officinalis	Wood betony
Stillingia sylvatica	Queen's-delight
Stillingia sylvatica	Queen's-root
Stillingia sylvatica	Stillingia
Stillingia sylvatica	Yawroot
Swertia chirata	Chirata
Swertia chirata	Chiretta
Swertia chirata	Kiratatikta
Symphytum officinale	Boneset
Symphytum officinale	Comfrey
Symphytum officinale	Common comfrey
Symphytum officinale	Consound
Symphytum officinale	Healing-herb
Symphytum officinale	Knitbone
Symphytum officinale	Slippery-root
Tamarindus indica	Indian tamarind
Tamarindus indica	Kilytree
Tamarindus indica	Tamarin
Tamarindus indica	Tamarind
Tanacetum parthenium	Feverfew
Tanacetum vulgare	Golden-buttons
Tanacetum vulgare	Tansy
Taraxacum officinale	Common dandelion
Taraxacum officinale	Dandelion
Taraxacum officinale	Lion's-tooth
Thymus vulgaris	Common thyme
Thymus vulgaris	Conehead thyme
Thymus vulgaris	English thyme
Thymus vulgaris	French thyme
Thymus vulgaris	Garden thyme
Thymus vulgaris	Thyme
Tillandsia usneoides	Spanishmoss
Trametes versicolor	Kawaratake
Trametes versicolor	Turkey Tail
Trametes versicolor	Yunzhi
Tribulus terrestris	Caltrop
Tribulus terrestris	Cat's-head
Tribulus terrestris	Common dubbletjie
Tribulus terrestris	Devil's-thorn
Tribulus terrestris	Devil's-weed
Tribulus terrestris	Goathead
Tribulus terrestris	Gokshura
Tribulus terrestris	Goksura
Tribulus terrestris	Ji li
Tribulus terrestris	Puncturevine
Tribulus terrestris	Puncturevine caltrop
Tribulus terrestris	Tribulus
Trigonella foenum	Common fenugreek
Trigonella foenum	Fenugreek
Trigonella foenum	Greek-clover
Trigonella foenum	Greek hay
Trigonella foenum	Hu lu ba
Triticum aestivum	Bread wheat
Triticum aestivum	Wheat
Triticum aestivum	Xiao mai
Turnera diffusa	Damiana
Tussilago farfara	Coltsfoot
Tussilago farfara	Common coltsfoot
Tussilago farfara	Kuan dong
Tussilago farfara	Kuandonghua
Ulmus minor	Europeanfieldelm
Ulmus rubra	Red elm
Ulmus rubra	Slippery elm
Uncaria tomentosa	Cat's-claw
Urena lobata	Di Tao Hua
Urena lobata	Xiao Fan Tian Hua
Urtica dioica	Common nettle
Urtica dioica	European nettle
Urtica dioica	Greater nettle
Urtica dioica	Nettle
Urtica dioica	Stinging nettle
Urtica dioica	Yi zhu qian ma
Vaccinium myrsinites	Shinyblueberry
Valeriana officinalis	Common valerian
Valeriana officinalis	Garden-heliotrope
Valeriana officinalis	Garden valerian
Valeriana officinalis	Valerian
Verbascum thapsus	Aaron's-rod
Verbascum thapsus	Common mullein
Verbascum thapsus	Flannelleaf
Verbascum thapsus	Flannelplant
Verbascum thapsus	Great mullein
Verbascum thapsus	Hag taper
Verbascum thapsus	Mullein
Verbascum thapsus	Torches
Verbascum thapsus	Velvet-dock
Viburnum opulus	Crampbark
Viburnum opulus	Guelder rose
Vicia faba	Favabean
Vitex agnus	Chasteberry
Vitex agnus	Chastetree
Vitex agnus	Vitex
Vitis rotundifolia	Fox grape
Vitis rotundifolia	Muscadine
Vitis rotundifolia	Muscadine grape
Vitis vinifera	Common grapevine
Vitis vinifera	European grape
Vitis vinifera	Grape
Vitis vinifera	Grapevine
Yucca filamentosa	Adam's-needle
Yucca filamentosa	Bear-grass
Yucca filamentosa	Needle-palm
Yucca filamentosa	Spoon-leaf yucca
Yucca filamentosa	Yucca
Zanthoxylum clava	Hercules'-club
Zanthoxylum clava	Pepperbark
Zanthoxylum clava	Southern prickly-ash
Zanthoxylum clava	West Indian yellowwood
Zingiber officinale	Ginger
Zingiber officinale	Jiang
Cannabis sativa	Cannibidiol
Cannabis sativa	CBD
Cannabis sativa	Marijuana
Malus domestica	Apple cider vinegar
Malus pumila	Apple cider vinegar
Boswellia serrata	Boswellia
Chlorella vulgaris	Chlorella
Vaccinium macrocarpon	Cranberry
Oenothera biennis	Evening primrose oil
Allium sativum	Garlic
Citrus paradisi	Grapefruit
Nigella sativa	Black cumin
Oryza sativa	Red yeast rice
Senna alexandrina	Senna
Stevia rebaudiana	Stevia
Withania somnifera	Ashwaganda
Withania somnifera	Asgandh
Withania somnifera	Ashwagandha
Withania somnifera	Asvagandha
Withania somnifera	Indian ginseng
Withania somnifera	Winter-cherry
Linum usitatissimum	Flaxseed
Linum usitatissimum	Flax seed
Linum usitatissimum	Flax
Linum usitatissimum	Linseed
Cannabis sativa	Hemp extract
Beta vulgaris	Beet root
Epimedium grandif	Horny goat weed
Epimedium grandiflorum	Horny goat weed
Triticum aestivum	Wheat grass
Ophiocordyceps sinensis	Cordyceps
Cinnamomum cassia	Cinnamon
Glycyrrhiza uralensis	Licorice
Glycyrrhiza inflata	Licorice
Passiflora incarnata	Passion flower
Strychnos ignatii	Ignatia
Taxus baccata	English yew
Houttuynia cordata	Chameleon
Humulus lupulus	Hops
Sterculia urens	Karaya gum
Laminaria japonica	Kombu
Lavandula angustifolia	Lavender
Myristica fragrans	Nutmeg
Panax notoginseng	Notoginseng
Plantago indica	Black psyllium
Plantago ovata	Blond psyllium
Polygala senega	Senegaroot
Papaver somniferum	Opium poppy
Papaver somniferum	Poppy seed
Rehmannia glutinosa	Rehmannia
Salvia officinalis	Sage
Salvia miltiorrhiza	Red sage
Sedum roseum	Rhodiola
Smilax china	Chinaroot
Strychnos nux-vomica	Strychnine tree
Helianthus annuus	Sunflower
